<?xml version="1.0" encoding="UTF-8"?><?xml-stylesheet type='text/xsl' href='_UpgradeReport_Files/UpgradeReport.xslt'?><UpgradeLog>
<Properties><Property Name="Solution" Value="Lab1">
</Property><Property Name="Solution File" Value="C:\Users\a0101924\Downloads\Lab1\Lab1\Lab1.sln">
</Property><Property Name="User Options File" Value="C:\Users\a0101924\Downloads\Lab1\Lab1\Lab1.suo">
</Property><Property Name="Date" Value="Thursday, 5 February, 2015">
</Property><Property Name="Time" Value="13:27 PM">
</Property><Property Name="Log Number" Value="2">
</Property></Properties><Event ErrorLevel="0" Project="" Source="Lab1.sln" Description="File successfully backed up as C:\Users\a0101924\Downloads\Lab1\Lab1\Lab1.sln.old">
</Event><Event ErrorLevel="2" Project="" Source="Lab1.suo" Description="Error creating backup file: C:\Users\a0101924\Downloads\Lab1\Lab1\Lab1.suo.old">
</Event><Event ErrorLevel="0" Project="Lab1" Source="Lab1\Lab1.vcproj" Description="Converting project file 'C:\Users\a0101924\Downloads\Lab1\Lab1\Lab1\Lab1.vcproj'.">
</Event><Event ErrorLevel="1" Project="Lab1" Source="Lab1\Lab1.vcproj" Description="VCWebServiceProxyGeneratorTool is no longer supported. The tool has been removed from your project settings.">
</Event><Event ErrorLevel="1" Project="Lab1" Source="Lab1\Lab1.vcproj" Description="Attribute 'Detect64BitPortabilityProblems' of 'VCCLCompilerTool' is not supported in this version and has been removed during conversion.">
</Event><Event ErrorLevel="1" Project="Lab1" Source="Lab1\Lab1.vcproj" Description="Attribute 'Detect64BitPortabilityProblems' of 'VCCLCompilerTool' is not supported in this version and has been removed during conversion.">
</Event><Event ErrorLevel="0" Project="Lab1" Source="Lab1\Lab1.vcproj" Description="Done converting to new project file 'C:\Users\a0101924\Downloads\Lab1\Lab1\Lab1\Lab1.vcxproj'.">
</Event><Event ErrorLevel="3" Project="Lab1" Source="Lab1\Lab1.vcproj" Description="Converted">
</Event><Event ErrorLevel="0" Project="" Source="Lab1.sln" Description="Solution converted successfully">
</Event><Event ErrorLevel="3" Project="" Source="Lab1.sln" Description="Converted">
</Event></UpgradeLog>